FREQ,BORROWERS_CTY,TC_BORROWERS,TC_LENDERS,CG_DTYPE,COLLECTION,DECIMALS,UNIT_MEASURE,UNIT_MULT,TIME_FORMAT,TITLE_TS,TIME_PERIOD,OBS_VALUE,OBS_STATUS,OBS_CONF,OBS_PRE_BREAK
Q,PL,P,A,C,E,1,770,0,,,2002-Q1,3.7534,A,F,
Q,PL,P,A,C,E,1,770,0,,,2002-Q2,5.3891,A,F,
Q,PL,P,A,C,E,1,770,0,,,2002-Q3,6.5394,A,F,
Q,PL,P,A,C,E,1,770,0,,,2002-Q4,6.0073,A,F,
Q,PL,P,A,C,E,1,770,0,,,2003-Q1,5.6836,A,F,
Q,PL,P,A,C,E,1,770,0,,,2003-Q2,3.8893,A,F,
Q,PL,P,A,C,E,1,770,0,,,2003-Q3,3.0715,A,F,
Q,PL,P,A,C,E,1,770,0,,,2003-Q4,1.2736,A,F,
Q,PL,P,A,C,E,1,770,0,,,2004-Q1,0.9511,A,F,
Q,PL,P,A,C,E,1,770,0,,,2004-Q2,-0.6084,A,F,
Q,PL,P,A,C,E,1,770,0,,,2004-Q3,-2.1104,A,F,
Q,PL,P,A,C,E,1,770,0,,,2004-Q4,-5.565,A,F,
Q,PL,P,A,C,E,1,770,0,,,2005-Q1,-6.4089,A,F,
Q,PL,P,A,C,E,1,770,0,,,2005-Q2,-5.9876,A,F,
Q,PL,P,A,C,E,1,770,0,,,2005-Q3,-5.9912,A,F,
Q,PL,P,A,C,E,1,770,0,,,2005-Q4,-5.2886,A,F,
Q,PL,P,A,C,E,1,770,0,,,2006-Q1,-4.6303,A,F,
Q,PL,P,A,C,E,1,770,0,,,2006-Q2,-2.9647,A,F,
Q,PL,P,A,C,E,1,770,0,,,2006-Q3,-1.0055,A,F,
Q,PL,P,A,C,E,1,770,0,,,2006-Q4,-0.0227,A,F,
Q,PL,P,A,C,E,1,770,0,,,2007-Q1,0.5593,A,F,
Q,PL,P,A,C,E,1,770,0,,,2007-Q2,1.7999,A,F,
Q,PL,P,A,C,E,1,770,0,,,2007-Q3,3.7213,A,F,
Q,PL,P,A,C,E,1,770,0,,,2007-Q4,4.2277,A,F,
Q,PL,P,A,C,E,1,770,0,,,2008-Q1,5.1906,A,F,
Q,PL,P,A,C,E,1,770,0,,,2008-Q2,5.737,A,F,
Q,PL,P,A,C,E,1,770,0,,,2008-Q3,7.6091,A,F,
Q,PL,P,A,C,E,1,770,0,,,2008-Q4,12.7144,A,F,
Q,PL,P,A,C,E,1,770,0,,,2009-Q1,15.1604,A,F,
Q,PL,P,A,C,E,1,770,0,,,2009-Q2,12.3179,A,F,
Q,PL,P,A,C,E,1,770,0,,,2009-Q3,10.1382,A,F,
Q,PL,P,A,C,E,1,770,0,,,2009-Q4,7.162,A,F,
Q,PL,P,A,C,E,1,770,0,,,2010-Q1,6.3683,A,F,
Q,PL,P,A,C,E,1,770,0,,,2010-Q2,7.8561,A,F,
Q,PL,P,A,C,E,1,770,0,,,2010-Q3,6.2101,A,F,
Q,PL,P,A,C,E,1,770,0,,,2010-Q4,5.8993,A,F,
Q,PL,P,A,C,E,1,770,0,,,2011-Q1,4.1272,A,F,
Q,PL,P,A,C,E,1,770,0,,,2011-Q2,4.1931,A,F,
Q,PL,P,A,C,E,1,770,0,,,2011-Q3,6.2823,A,F,
Q,PL,P,A,C,E,1,770,0,,,2011-Q4,5.6845,A,F,
Q,PL,P,A,C,E,1,770,0,,,2012-Q1,3.8482,A,F,
Q,PL,P,A,C,E,1,770,0,,,2012-Q2,3.3987,A,F,
Q,PL,P,A,C,E,1,770,0,,,2012-Q3,2.1144,A,F,
Q,PL,P,A,C,E,1,770,0,,,2012-Q4,2.0164,A,F,
Q,PL,P,A,C,E,1,770,0,,,2013-Q1,1.9979,A,F,
Q,PL,P,A,C,E,1,770,0,,,2013-Q2,2.8677,A,F,
Q,PL,P,A,C,E,1,770,0,,,2013-Q3,2.5401,A,F,
Q,PL,P,A,C,E,1,770,0,,,2013-Q4,1.0633,A,F,
Q,PL,P,A,C,E,1,770,0,,,2014-Q1,0.5855,A,F,
Q,PL,P,A,C,E,1,770,0,,,2014-Q2,0.9285,A,F,
Q,PL,P,A,C,E,1,770,0,,,2014-Q3,0.6329,A,F,
Q,PL,P,A,C,E,1,770,0,,,2014-Q4,0.3138,A,F,
Q,PL,P,A,C,E,1,770,0,,,2015-Q1,0.3344,A,F,
Q,PL,P,A,C,E,1,770,0,,,2015-Q2,0.3134,A,F,
Q,PL,P,A,C,E,1,770,0,,,2015-Q3,-0.1494,A,F,
Q,PL,P,A,C,E,1,770,0,,,2015-Q4,-1.5266,A,F,
Q,PL,P,A,C,E,1,770,0,,,2016-Q1,-2.1133,A,F,
Q,PL,P,A,C,E,1,770,0,,,2016-Q2,-1.772,A,F,
Q,PL,P,A,C,E,1,770,0,,,2016-Q3,-2.92,A,F,
Q,PL,P,A,C,E,1,770,0,,,2016-Q4,-1.4386,A,F,
Q,PL,P,A,C,E,1,770,0,,,2017-Q1,-3.5472,A,F,
Q,PL,P,A,C,E,1,770,0,,,2017-Q2,-4.9995,A,F,
Q,PL,P,A,C,E,1,770,0,,,2017-Q3,-6.3187,A,F,
Q,PL,P,A,C,E,1,770,0,,,2017-Q4,-8.0104,A,F,
Q,PL,P,A,C,E,1,770,0,,,2018-Q1,-7.7076,A,F,
Q,PL,P,A,C,E,1,770,0,,,2018-Q2,-7.9665,A,F,
Q,PL,P,A,C,E,1,770,0,,,2018-Q3,-8.8197,A,F,
Q,PL,P,A,C,E,1,770,0,,,2018-Q4,-10.0366,A,F,
Q,PL,P,A,C,E,1,770,0,,,2019-Q1,-10.7378,A,F,
Q,PL,P,A,C,E,1,770,0,,,2019-Q2,-11.6828,A,F,
Q,PL,P,A,C,E,1,770,0,,,2019-Q3,-11.3465,A,F,
Q,PL,P,A,C,E,1,770,0,,,2019-Q4,-12.7692,A,F,
Q,PL,P,A,C,E,1,770,0,,,2020-Q1,-10.7054,A,F,
Q,PL,P,A,C,E,1,770,0,,,2020-Q2,-10.5286,A,F,
Q,PL,P,A,C,E,1,770,0,,,2020-Q3,-11.1608,A,F,
Q,PL,P,A,C,E,1,770,0,,,2020-Q4,-11.0863,A,F,
Q,PL,P,A,C,E,1,770,0,,,2021-Q1,-11.5117,A,F,
Q,PL,P,A,C,E,1,770,0,,,2021-Q2,-13.6154,A,F,
Q,PL,P,A,C,E,1,770,0,,,2021-Q3,-13.5624,A,F,
Q,PL,P,A,C,E,1,770,0,,,2021-Q4,-14.7104,A,F,
Q,PL,P,A,C,E,1,770,0,,,2022-Q1,-16.0698,A,F,
Q,PL,P,A,C,E,1,770,0,,,2022-Q2,-17.4583,A,F,
Q,PL,P,A,C,E,1,770,0,,,2022-Q3,-17.3721,A,F,
Q,PL,P,A,C,E,1,770,0,,,2022-Q4,-20.7735,A,F,
Q,PL,P,A,C,E,1,770,0,,,2023-Q1,-21.7714,A,F,
Q,PL,P,A,C,E,1,770,0,,,2023-Q2,-22.7763,A,F,
Q,PL,P,A,C,E,1,770,0,,,2023-Q3,-21.8938,A,F,
Q,PL,P,A,C,E,1,770,0,,,2023-Q4,-22.3921,A,F,
Q,PL,P,A,C,E,1,770,0,,,2024-Q1,-21.7584,A,F,
Q,PL,P,A,C,E,1,770,0,,,2024-Q2,-20.9014,A,F,
Q,PL,P,A,C,E,1,770,0,,,2024-Q3,-20.6847,A,F,
Q,PL,P,A,C,E,1,770,0,,,2024-Q4,-19.7434,A,F,
Q,PL,P,A,C,E,1,770,0,,,2025-Q1,-19.6198,A,F,
Q,PL,P,A,C,E,1,770,0,,,2025-Q2,-18.6222,A,F,
Q,PL,P,A,C,E,1,770,0,,,2025-Q3,-17.4216,A,F,
Q,PL,P,A,C,E,1,770,0,,,2025-Q4,-16.866,A,F,
Q,PL,P,A,C,E,1,770,0,,,2026-Q1,-15.6248,A,F,
Q,GB,P,A,C,E,1,770,0,,,2000-Q1,4.186,A,F,
Q,GB,P,A,C,E,1,770,0,,,2000-Q2,6.3192,A,F,
Q,GB,P,A,C,E,1,770,0,,,2000-Q3,6.8859,A,F,
Q,GB,P,A,C,E,1,770,0,,,2000-Q4,6.5874,A,F,
Q,GB,P,A,C,E,1,770,0,,,2001-Q1,8.8965,A,F,
Q,GB,P,A,C,E,1,770,0,,,2001-Q2,8.5065,A,F,
Q,GB,P,A,C,E,1,770,0,,,2001-Q3,8.4874,A,F,
Q,GB,P,A,C,E,1,770,0,,,2001-Q4,9.6558,A,F,
Q,GB,P,A,C,E,1,770,0,,,2002-Q1,10.2723,A,F,
Q,GB,P,A,C,E,1,770,0,,,2002-Q2,11.3015,A,F,
Q,GB,P,A,C,E,1,770,0,,,2002-Q3,14.9673,A,F,
Q,GB,P,A,C,E,1,770,0,,,2002-Q4,13.4556,A,F,
Q,GB,P,A,C,E,1,770,0,,,2003-Q1,9.7288,A,F,
Q,GB,P,A,C,E,1,770,0,,,2003-Q2,10.5247,A,F,
Q,GB,P,A,C,E,1,770,0,,,2003-Q3,9.4672,A,F,
Q,GB,P,A,C,E,1,770,0,,,2003-Q4,7.6376,A,F,
Q,GB,P,A,C,E,1,770,0,,,2004-Q1,5.9699,A,F,
Q,GB,P,A,C,E,1,770,0,,,2004-Q2,5.0699,A,F,
Q,GB,P,A,C,E,1,770,0,,,2004-Q3,6.2317,A,F,
Q,GB,P,A,C,E,1,770,0,,,2004-Q4,5.8741,A,F,
Q,GB,P,A,C,E,1,770,0,,,2005-Q1,5.2596,A,F,
Q,GB,P,A,C,E,1,770,0,,,2005-Q2,7.4822,A,F,
Q,GB,P,A,C,E,1,770,0,,,2005-Q3,7.8022,A,F,
Q,GB,P,A,C,E,1,770,0,,,2005-Q4,7.6311,A,F,
Q,GB,P,A,C,E,1,770,0,,,2006-Q1,6.974,A,F,
Q,GB,P,A,C,E,1,770,0,,,2006-Q2,7.6993,A,F,
Q,GB,P,A,C,E,1,770,0,,,2006-Q3,9.3763,A,F,
Q,GB,P,A,C,E,1,770,0,,,2006-Q4,7.8442,A,F,
Q,GB,P,A,C,E,1,770,0,,,2007-Q1,4.9721,A,F,
Q,GB,P,A,C,E,1,770,0,,,2007-Q2,4.2149,A,F,
Q,GB,P,A,C,E,1,770,0,,,2007-Q3,6.0099,A,F,
Q,GB,P,A,C,E,1,770,0,,,2007-Q4,5.826,A,F,
Q,GB,P,A,C,E,1,770,0,,,2008-Q1,7.1911,A,F,
Q,GB,P,A,C,E,1,770,0,,,2008-Q2,5.2187,A,F,
Q,GB,P,A,C,E,1,770,0,,,2008-Q3,4.4783,A,F,
Q,GB,P,A,C,E,1,770,0,,,2008-Q4,8.7959,A,F,
Q,GB,P,A,C,E,1,770,0,,,2009-Q1,6.8106,A,F,
Q,GB,P,A,C,E,1,770,0,,,2009-Q2,2.0714,A,F,
Q,GB,P,A,C,E,1,770,0,,,2009-Q3,4.2272,A,F,
Q,GB,P,A,C,E,1,770,0,,,2009-Q4,2.763,A,F,
Q,GB,P,A,C,E,1,770,0,,,2010-Q1,2.6234,A,F,
Q,GB,P,A,C,E,1,770,0,,,2010-Q2,-2.2993,A,F,
Q,GB,P,A,C,E,1,770,0,,,2010-Q3,-3.7718,A,F,
Q,GB,P,A,C,E,1,770,0,,,2010-Q4,-9.0795,A,F,
Q,GB,P,A,C,E,1,770,0,,,2011-Q1,-11.0266,A,F,
Q,GB,P,A,C,E,1,770,0,,,2011-Q2,-12.0753,A,F,
Q,GB,P,A,C,E,1,770,0,,,2011-Q3,-13.4803,A,F,
Q,GB,P,A,C,E,1,770,0,,,2011-Q4,-15.5812,A,F,
Q,GB,P,A,C,E,1,770,0,,,2012-Q1,-13.8021,A,F,
Q,GB,P,A,C,E,1,770,0,,,2012-Q2,-13.2713,A,F,
Q,GB,P,A,C,E,1,770,0,,,2012-Q3,-13.5177,A,F,
Q,GB,P,A,C,E,1,770,0,,,2012-Q4,-15.9888,A,F,
Q,GB,P,A,C,E,1,770,0,,,2013-Q1,-18.106,A,F,
Q,GB,P,A,C,E,1,770,0,,,2013-Q2,-16.8622,A,F,
Q,GB,P,A,C,E,1,770,0,,,2013-Q3,-19.1013,A,F,
Q,GB,P,A,C,E,1,770,0,,,2013-Q4,-21.1571,A,F,
Q,GB,P,A,C,E,1,770,0,,,2014-Q1,-23.5751,A,F,
Q,GB,P,A,C,E,1,770,0,,,2014-Q2,-25.2598,A,F,
Q,GB,P,A,C,E,1,770,0,,,2014-Q3,-25.997,A,F,
Q,GB,P,A,C,E,1,770,0,,,2014-Q4,-26.7537,A,F,
Q,GB,P,A,C,E,1,770,0,,,2015-Q1,-25.5726,A,F,
Q,GB,P,A,C,E,1,770,0,,,2015-Q2,-27.985,A,F,
Q,GB,P,A,C,E,1,770,0,,,2015-Q3,-26.6438,A,F,
Q,GB,P,A,C,E,1,770,0,,,2015-Q4,-25.4085,A,F,
Q,GB,P,A,C,E,1,770,0,,,2016-Q1,-23.8873,A,F,
Q,GB,P,A,C,E,1,770,0,,,2016-Q2,-19.8918,A,F,
Q,GB,P,A,C,E,1,770,0,,,2016-Q3,-17.2947,A,F,
Q,GB,P,A,C,E,1,770,0,,,2016-Q4,-17.4454,A,F,
Q,GB,P,A,C,E,1,770,0,,,2017-Q1,-16.4893,A,F,
Q,GB,P,A,C,E,1,770,0,,,2017-Q2,-17.4422,A,F,
Q,GB,P,A,C,E,1,770,0,,,2017-Q3,-16.1855,A,F,
Q,GB,P,A,C,E,1,770,0,,,2017-Q4,-14.9576,A,F,
Q,GB,P,A,C,E,1,770,0,,,2018-Q1,-16.7068,A,F,
Q,GB,P,A,C,E,1,770,0,,,2018-Q2,-16.9211,A,F,
Q,GB,P,A,C,E,1,770,0,,,2018-Q3,-17.7772,A,F,
Q,GB,P,A,C,E,1,770,0,,,2018-Q4,-17.7605,A,F,
Q,GB,P,A,C,E,1,770,0,,,2019-Q1,-19.301,A,F,
Q,GB,P,A,C,E,1,770,0,,,2019-Q2,-17.2687,A,F,
Q,GB,P,A,C,E,1,770,0,,,2019-Q3,-15.1569,A,F,
Q,GB,P,A,C,E,1,770,0,,,2019-Q4,-16.0838,A,F,
Q,GB,P,A,C,E,1,770,0,,,2020-Q1,-11.9862,A,F,
Q,GB,P,A,C,E,1,770,0,,,2020-Q2,-3.0591,A,F,
Q,GB,P,A,C,E,1,770,0,,,2020-Q3,0.1905,A,F,
Q,GB,P,A,C,E,1,770,0,,,2020-Q4,3.4389,A,F,
Q,GB,P,A,C,E,1,770,0,,,2021-Q1,4.1506,A,F,
Q,GB,P,A,C,E,1,770,0,,,2021-Q2,-0.7409,A,F,
Q,GB,P,A,C,E,1,770,0,,,2021-Q3,-3.345,A,F,
Q,GB,P,A,C,E,1,770,0,,,2021-Q4,-6.9197,A,F,
Q,GB,P,A,C,E,1,770,0,,,2022-Q1,-11.9283,A,F,
Q,GB,P,A,C,E,1,770,0,,,2022-Q2,-14.5336,A,F,
Q,GB,P,A,C,E,1,770,0,,,2022-Q3,-15.6037,A,F,
Q,GB,P,A,C,E,1,770,0,,,2022-Q4,-17.6478,A,F,
Q,GB,P,A,C,E,1,770,0,,,2023-Q1,-20.4384,A,F,
Q,GB,P,A,C,E,1,770,0,,,2023-Q2,-22.8179,A,F,
Q,GB,P,A,C,E,1,770,0,,,2023-Q3,-22.2788,A,F,
Q,GB,P,A,C,E,1,770,0,,,2023-Q4,-21.8043,A,F,
Q,GB,P,A,C,E,1,770,0,,,2024-Q1,-19.8783,A,F,
Q,GB,P,A,C,E,1,770,0,,,2024-Q2,-18.9361,A,F,
Q,GB,P,A,C,E,1,770,0,,,2024-Q3,-18.3071,A,F,
Q,GB,P,A,C,E,1,770,0,,,2024-Q4,-18.6983,A,F,
Q,GB,P,A,C,E,1,770,0,,,2025-Q1,-22.2255,A,F,
Q,GB,P,A,C,E,1,770,0,,,2025-Q2,-22.4015,A,F,
Q,GB,P,A,C,E,1,770,0,,,2025-Q3,-20.1253,A,F,
Q,GB,P,A,C,E,1,770,0,,,2025-Q4,-18.8627,A,F,
Q,GB,P,A,C,E,1,770,0,,,2026-Q1,-20.1244,A,F,
Q,US,P,A,C,E,1,770,0,,,2000-Q1,4.5555,A,F,
Q,US,P,A,C,E,1,770,0,,,2000-Q2,4.825,A,F,
Q,US,P,A,C,E,1,770,0,,,2000-Q3,4.7665,A,F,
Q,US,P,A,C,E,1,770,0,,,2000-Q4,4.6518,A,F,
Q,US,P,A,C,E,1,770,0,,,2001-Q1,3.6734,A,F,
Q,US,P,A,C,E,1,770,0,,,2001-Q2,5.1445,A,F,
Q,US,P,A,C,E,1,770,0,,,2001-Q3,6.4384,A,F,
Q,US,P,A,C,E,1,770,0,,,2001-Q4,6.6739,A,F,
Q,US,P,A,C,E,1,770,0,,,2002-Q1,6.5143,A,F,
Q,US,P,A,C,E,1,770,0,,,2002-Q2,6.9075,A,F,
Q,US,P,A,C,E,1,770,0,,,2002-Q3,7.1154,A,F,
Q,US,P,A,C,E,1,770,0,,,2002-Q4,7.6891,A,F,
Q,US,P,A,C,E,1,770,0,,,2003-Q1,7.3031,A,F,
Q,US,P,A,C,E,1,770,0,,,2003-Q2,8.7823,A,F,
Q,US,P,A,C,E,1,770,0,,,2003-Q3,8.5421,A,F,
Q,US,P,A,C,E,1,770,0,,,2003-Q4,7.7547,A,F,
Q,US,P,A,C,E,1,770,0,,,2004-Q1,7.2184,A,F,
Q,US,P,A,C,E,1,770,0,,,2004-Q2,7.2317,A,F,
Q,US,P,A,C,E,1,770,0,,,2004-Q3,7.1555,A,F,
Q,US,P,A,C,E,1,770,0,,,2004-Q4,8.0132,A,F,
Q,US,P,A,C,E,1,770,0,,,2005-Q1,7.1406,A,F,
Q,US,P,A,C,E,1,770,0,,,2005-Q2,7.6845,A,F,
Q,US,P,A,C,E,1,770,0,,,2005-Q3,7.8694,A,F,
Q,US,P,A,C,E,1,770,0,,,2005-Q4,8.1689,A,F,
Q,US,P,A,C,E,1,770,0,,,2006-Q1,8.7704,A,F,
Q,US,P,A,C,E,1,770,0,,,2006-Q2,9.5531,A,F,
Q,US,P,A,C,E,1,770,0,,,2006-Q3,9.7123,A,F,
Q,US,P,A,C,E,1,770,0,,,2006-Q4,10.1071,A,F,
Q,US,P,A,C,E,1,770,0,,,2007-Q1,9.9696,A,F,
Q,US,P,A,C,E,1,770,0,,,2007-Q2,11.222,A,F,
Q,US,P,A,C,E,1,770,0,,,2007-Q3,11.6373,A,F,
Q,US,P,A,C,E,1,770,0,,,2007-Q4,11.6341,A,F,
Q,US,P,A,C,E,1,770,0,,,2008-Q1,11.0979,A,F,
Q,US,P,A,C,E,1,770,0,,,2008-Q2,9.5946,A,F,
Q,US,P,A,C,E,1,770,0,,,2008-Q3,9.1258,A,F,
Q,US,P,A,C,E,1,770,0,,,2008-Q4,6.681,A,F,
Q,US,P,A,C,E,1,770,0,,,2009-Q1,5.234,A,F,
Q,US,P,A,C,E,1,770,0,,,2009-Q2,4.8005,A,F,
Q,US,P,A,C,E,1,770,0,,,2009-Q3,3.6739,A,F,
Q,US,P,A,C,E,1,770,0,,,2009-Q4,1.2405,A,F,
Q,US,P,A,C,E,1,770,0,,,2010-Q1,-1.4148,A,F,
Q,US,P,A,C,E,1,770,0,,,2010-Q2,-4.5209,A,F,
Q,US,P,A,C,E,1,770,0,,,2010-Q3,-6.9653,A,F,
Q,US,P,A,C,E,1,770,0,,,2010-Q4,-9.4288,A,F,
Q,US,P,A,C,E,1,770,0,,,2011-Q1,-11.1703,A,F,
Q,US,P,A,C,E,1,770,0,,,2011-Q2,-12.5311,A,F,
Q,US,P,A,C,E,1,770,0,,,2011-Q3,-13.3005,A,F,
Q,US,P,A,C,E,1,770,0,,,2011-Q4,-13.977,A,F,
Q,US,P,A,C,E,1,770,0,,,2012-Q1,-15.3521,A,F,
Q,US,P,A,C,E,1,770,0,,,2012-Q2,-16.0864,A,F,
Q,US,P,A,C,E,1,770,0,,,2012-Q3,-16.203,A,F,
Q,US,P,A,C,E,1,770,0,,,2012-Q4,-16.163,A,F,
Q,US,P,A,C,E,1,770,0,,,2013-Q1,-16.934,A,F,
Q,US,P,A,C,E,1,770,0,,,2013-Q2,-16.4581,A,F,
Q,US,P,A,C,E,1,770,0,,,2013-Q3,-16.0398,A,F,
Q,US,P,A,C,E,1,770,0,,,2013-Q4,-15.5667,A,F,
Q,US,P,A,C,E,1,770,0,,,2014-Q1,-15.2658,A,F,
Q,US,P,A,C,E,1,770,0,,,2014-Q2,-15.0902,A,F,
Q,US,P,A,C,E,1,770,0,,,2014-Q3,-15.3953,A,F,
Q,US,P,A,C,E,1,770,0,,,2014-Q4,-14.7405,A,F,
Q,US,P,A,C,E,1,770,0,,,2015-Q1,-14.9101,A,F,
Q,US,P,A,C,E,1,770,0,,,2015-Q2,-13.7118,A,F,
Q,US,P,A,C,E,1,770,0,,,2015-Q3,-12.9316,A,F,
Q,US,P,A,C,E,1,770,0,,,2015-Q4,-12.7316,A,F,
Q,US,P,A,C,E,1,770,0,,,2016-Q1,-11.6642,A,F,
Q,US,P,A,C,E,1,770,0,,,2016-Q2,-10.6404,A,F,
Q,US,P,A,C,E,1,770,0,,,2016-Q3,-9.4711,A,F,
Q,US,P,A,C,E,1,770,0,,,2016-Q4,-9.62,A,F,
Q,US,P,A,C,E,1,770,0,,,2017-Q1,-9.0268,A,F,
Q,US,P,A,C,E,1,770,0,,,2017-Q2,-8.1099,A,F,
Q,US,P,A,C,E,1,770,0,,,2017-Q3,-7.7644,A,F,
Q,US,P,A,C,E,1,770,0,,,2017-Q4,-6.8397,A,F,
Q,US,P,A,C,E,1,770,0,,,2018-Q1,-7.4472,A,F,
Q,US,P,A,C,E,1,770,0,,,2018-Q2,-6.5542,A,F,
Q,US,P,A,C,E,1,770,0,,,2018-Q3,-6.8289,A,F,
Q,US,P,A,C,E,1,770,0,,,2018-Q4,-6.5026,A,F,
Q,US,P,A,C,E,1,770,0,,,2019-Q1,-6.34,A,F,
Q,US,P,A,C,E,1,770,0,,,2019-Q2,-5.8759,A,F,
Q,US,P,A,C,E,1,770,0,,,2019-Q3,-5.5409,A,F,
Q,US,P,A,C,E,1,770,0,,,2019-Q4,-5.8081,A,F,
Q,US,P,A,C,E,1,770,0,,,2020-Q1,-2.6411,A,F,
Q,US,P,A,C,E,1,770,0,,,2020-Q2,2.8794,A,F,
Q,US,P,A,C,E,1,770,0,,,2020-Q3,3.6338,A,F,
Q,US,P,A,C,E,1,770,0,,,2020-Q4,4.5755,A,F,
Q,US,P,A,C,E,1,770,0,,,2021-Q1,4.5163,A,F,
Q,US,P,A,C,E,1,770,0,,,2021-Q2,2.3096,A,F,
Q,US,P,A,C,E,1,770,0,,,2021-Q3,0.4262,A,F,
Q,US,P,A,C,E,1,770,0,,,2021-Q4,-0.9865,A,F,
Q,US,P,A,C,E,1,770,0,,,2022-Q1,-2.2358,A,F,
Q,US,P,A,C,E,1,770,0,,,2022-Q2,-3.3388,A,F,
Q,US,P,A,C,E,1,770,0,,,2022-Q3,-4.9143,A,F,
Q,US,P,A,C,E,1,770,0,,,2022-Q4,-6.2114,A,F,
Q,US,P,A,C,E,1,770,0,,,2023-Q1,-7.6242,A,F,
Q,US,P,A,C,E,1,770,0,,,2023-Q2,-8.7445,A,F,
Q,US,P,A,C,E,1,770,0,,,2023-Q3,-9.8253,A,F,
Q,US,P,A,C,E,1,770,0,,,2023-Q4,-10.6356,A,F,
Q,US,P,A,C,E,1,770,0,,,2024-Q1,-11.0108,A,F,
Q,US,P,A,C,E,1,770,0,,,2024-Q2,-11.2587,A,F,
Q,US,P,A,C,E,1,770,0,,,2024-Q3,-11.1976,A,F,
Q,US,P,A,C,E,1,770,0,,,2024-Q4,-12.4608,A,F,
Q,US,P,A,C,E,1,770,0,,,2025-Q1,-12.6017,A,F,
Q,US,P,A,C,E,1,770,0,,,2025-Q2,-12.3608,A,F,
Q,US,P,A,C,E,1,770,0,,,2025-Q3,-11.9966,A,F,
Q,US,P,A,C,E,1,770,0,,,2025-Q4,-11.586,A,F,
Q,US,P,A,C,E,1,770,0,,,2026-Q1,-11.3204,A,F,
Q,JP,P,A,C,E,1,770,0,,,2000-Q1,-23.1092,A,F,
Q,JP,P,A,C,E,1,770,0,,,2000-Q2,-26.2704,A,F,
Q,JP,P,A,C,E,1,770,0,,,2000-Q3,-26.1389,A,F,
Q,JP,P,A,C,E,1,770,0,,,2000-Q4,-26.8655,A,F,
Q,JP,P,A,C,E,1,770,0,,,2001-Q1,-28.3322,A,F,
Q,JP,P,A,C,E,1,770,0,,,2001-Q2,-29.6498,A,F,
Q,JP,P,A,C,E,1,770,0,,,2001-Q3,-28.5782,A,F,
Q,JP,P,A,C,E,1,770,0,,,2001-Q4,-26.7701,A,F,
Q,JP,P,A,C,E,1,770,0,,,2002-Q1,-26.3916,A,F,
Q,JP,P,A,C,E,1,770,0,,,2002-Q2,-26.3719,A,F,
Q,JP,P,A,C,E,1,770,0,,,2002-Q3,-27.4565,A,F,
Q,JP,P,A,C,E,1,770,0,,,2002-Q4,-25.5309,A,F,
Q,JP,P,A,C,E,1,770,0,,,2003-Q1,-26.388,A,F,
Q,JP,P,A,C,E,1,770,0,,,2003-Q2,-27.9355,A,F,
Q,JP,P,A,C,E,1,770,0,,,2003-Q3,-28.5562,A,F,
Q,JP,P,A,C,E,1,770,0,,,2003-Q4,-26.9749,A,F,
Q,JP,P,A,C,E,1,770,0,,,2004-Q1,-28.3563,A,F,
Q,JP,P,A,C,E,1,770,0,,,2004-Q2,-29.0602,A,F,
Q,JP,P,A,C,E,1,770,0,,,2004-Q3,-28.8427,A,F,
Q,JP,P,A,C,E,1,770,0,,,2004-Q4,-26.8072,A,F,
Q,JP,P,A,C,E,1,770,0,,,2005-Q1,-24.3598,A,F,
Q,JP,P,A,C,E,1,770,0,,,2005-Q2,-24.7584,A,F,
Q,JP,P,A,C,E,1,770,0,,,2005-Q3,-22.3961,A,F,
Q,JP,P,A,C,E,1,770,0,,,2005-Q4,-20.6391,A,F,
Q,JP,P,A,C,E,1,770,0,,,2006-Q1,-19.9232,A,F,
Q,JP,P,A,C,E,1,770,0,,,2006-Q2,-19.2671,A,F,
Q,JP,P,A,C,E,1,770,0,,,2006-Q3,-17.2443,A,F,
Q,JP,P,A,C,E,1,770,0,,,2006-Q4,-15.8347,A,F,
Q,JP,P,A,C,E,1,770,0,,,2007-Q1,-15.422,A,F,
Q,JP,P,A,C,E,1,770,0,,,2007-Q2,-17.0223,A,F,
Q,JP,P,A,C,E,1,770,0,,,2007-Q3,-14.9438,A,F,
Q,JP,P,A,C,E,1,770,0,,,2007-Q4,-12.6764,A,F,
Q,JP,P,A,C,E,1,770,0,,,2008-Q1,-13.2084,A,F,
Q,JP,P,A,C,E,1,770,0,,,2008-Q2,-9.8906,A,F,
Q,JP,P,A,C,E,1,770,0,,,2008-Q3,-8.2801,A,F,
Q,JP,P,A,C,E,1,770,0,,,2008-Q4,-3.4204,A,F,
Q,JP,P,A,C,E,1,770,0,,,2009-Q1,-1.3461,A,F,
Q,JP,P,A,C,E,1,770,0,,,2009-Q2,0.9653,A,F,
Q,JP,P,A,C,E,1,770,0,,,2009-Q3,3.5141,A,F,
Q,JP,P,A,C,E,1,770,0,,,2009-Q4,5.1611,A,F,
Q,JP,P,A,C,E,1,770,0,,,2010-Q1,2.7448,A,F,
Q,JP,P,A,C,E,1,770,0,,,2010-Q2,1.5384,A,F,
Q,JP,P,A,C,E,1,770,0,,,2010-Q3,-0.412,A,F,
Q,JP,P,A,C,E,1,770,0,,,2010-Q4,-1.3471,A,F,
Q,JP,P,A,C,E,1,770,0,,,2011-Q1,-1.6941,A,F,
Q,JP,P,A,C,E,1,770,0,,,2011-Q2,-0.9434,A,F,
Q,JP,P,A,C,E,1,770,0,,,2011-Q3,0.4786,A,F,
Q,JP,P,A,C,E,1,770,0,,,2011-Q4,1.4176,A,F,
Q,JP,P,A,C,E,1,770,0,,,2012-Q1,0.6915,A,F,
Q,JP,P,A,C,E,1,770,0,,,2012-Q2,-1.7201,A,F,
Q,JP,P,A,C,E,1,770,0,,,2012-Q3,-0.1635,A,F,
Q,JP,P,A,C,E,1,770,0,,,2012-Q4,1.5318,A,F,
Q,JP,P,A,C,E,1,770,0,,,2013-Q1,2.0503,A,F,
Q,JP,P,A,C,E,1,770,0,,,2013-Q2,1.228,A,F,
Q,JP,P,A,C,E,1,770,0,,,2013-Q3,1.3728,A,F,
Q,JP,P,A,C,E,1,770,0,,,2013-Q4,1.925,A,F,
Q,JP,P,A,C,E,1,770,0,,,2014-Q1,1.2104,A,F,
Q,JP,P,A,C,E,1,770,0,,,2014-Q2,-0.2345,A,F,
Q,JP,P,A,C,E,1,770,0,,,2014-Q3,0.3105,A,F,
Q,JP,P,A,C,E,1,770,0,,,2014-Q4,1.2075,A,F,
Q,JP,P,A,C,E,1,770,0,,,2015-Q1,0.2419,A,F,
Q,JP,P,A,C,E,1,770,0,,,2015-Q2,-1.5708,A,F,
Q,JP,P,A,C,E,1,770,0,,,2015-Q3,-1.5938,A,F,
Q,JP,P,A,C,E,1,770,0,,,2015-Q4,-0.6398,A,F,
Q,JP,P,A,C,E,1,770,0,,,2016-Q1,-1.0284,A,F,
Q,JP,P,A,C,E,1,770,0,,,2016-Q2,0.0633,A,F,
Q,JP,P,A,C,E,1,770,0,,,2016-Q3,1.9047,A,F,
Q,JP,P,A,C,E,1,770,0,,,2016-Q4,3.6939,A,F,
Q,JP,P,A,C,E,1,770,0,,,2017-Q1,4.453,A,F,
Q,JP,P,A,C,E,1,770,0,,,2017-Q2,4.0799,A,F,
Q,JP,P,A,C,E,1,770,0,,,2017-Q3,4.3718,A,F,
Q,JP,P,A,C,E,1,770,0,,,2017-Q4,4.8876,A,F,
Q,JP,P,A,C,E,1,770,0,,,2018-Q1,4.6648,A,F,
Q,JP,P,A,C,E,1,770,0,,,2018-Q2,5.4627,A,F,
Q,JP,P,A,C,E,1,770,0,,,2018-Q3,6.8373,A,F,
Q,JP,P,A,C,E,1,770,0,,,2018-Q4,8.4738,A,F,
Q,JP,P,A,C,E,1,770,0,,,2019-Q1,8.8518,A,F,
Q,JP,P,A,C,E,1,770,0,,,2019-Q2,9.2542,A,F,
Q,JP,P,A,C,E,1,770,0,,,2019-Q3,10.5045,A,F,
Q,JP,P,A,C,E,1,770,0,,,2019-Q4,12.6264,A,F,
Q,JP,P,A,C,E,1,770,0,,,2020-Q1,13.1958,A,F,
Q,JP,P,A,C,E,1,770,0,,,2020-Q2,23.7384,A,F,
Q,JP,P,A,C,E,1,770,0,,,2020-Q3,26.1791,A,F,
Q,JP,P,A,C,E,1,770,0,,,2020-Q4,27.0421,A,F,
Q,JP,P,A,C,E,1,770,0,,,2021-Q1,26.5631,A,F,
Q,JP,P,A,C,E,1,770,0,,,2021-Q2,22.9842,A,F,
Q,JP,P,A,C,E,1,770,0,,,2021-Q3,21.3604,A,F,
Q,JP,P,A,C,E,1,770,0,,,2021-Q4,21.3163,A,F,
Q,JP,P,A,C,E,1,770,0,,,2022-Q1,20.0626,A,F,
Q,JP,P,A,C,E,1,770,0,,,2022-Q2,19.9419,A,F,
Q,JP,P,A,C,E,1,770,0,,,2022-Q3,18.9306,A,F,
Q,JP,P,A,C,E,1,770,0,,,2022-Q4,18.3174,A,F,
Q,JP,P,A,C,E,1,770,0,,,2023-Q1,15.7567,A,F,
Q,JP,P,A,C,E,1,770,0,,,2023-Q2,13.7375,A,F,
Q,JP,P,A,C,E,1,770,0,,,2023-Q3,12.0831,A,F,
Q,JP,P,A,C,E,1,770,0,,,2023-Q4,10.869,A,F,
Q,JP,P,A,C,E,1,770,0,,,2024-Q1,10.4043,A,F,
Q,JP,P,A,C,E,1,770,0,,,2024-Q2,9.4427,A,F,
Q,JP,P,A,C,E,1,770,0,,,2024-Q3,6.7199,A,F,
Q,JP,P,A,C,E,1,770,0,,,2024-Q4,7.2338,A,F,
Q,JP,P,A,C,E,1,770,0,,,2025-Q1,4.6087,A,F,
Q,JP,P,A,C,E,1,770,0,,,2025-Q2,3.3488,A,F,
Q,JP,P,A,C,E,1,770,0,,,2025-Q3,4.1848,A,F,
Q,JP,P,A,C,E,1,770,0,,,2025-Q4,5.8727,A,F,
Q,JP,P,A,C,E,1,770,0,,,2026-Q1,5.6702,A,F,
Q,IT,P,A,C,E,1,770,0,,,2000-Q1,4.9993,A,F,
Q,IT,P,A,C,E,1,770,0,,,2000-Q2,5.2687,A,F,
Q,IT,P,A,C,E,1,770,0,,,2000-Q3,5.3738,A,F,
Q,IT,P,A,C,E,1,770,0,,,2000-Q4,7.5844,A,F,
Q,IT,P,A,C,E,1,770,0,,,2001-Q1,7.533,A,F,
Q,IT,P,A,C,E,1,770,0,,,2001-Q2,7.7908,A,F,
Q,IT,P,A,C,E,1,770,0,,,2001-Q3,7.2766,A,F,
Q,IT,P,A,C,E,1,770,0,,,2001-Q4,8.4747,A,F,
Q,IT,P,A,C,E,1,770,0,,,2002-Q1,7.8282,A,F,
Q,IT,P,A,C,E,1,770,0,,,2002-Q2,8.2132,A,F,
Q,IT,P,A,C,E,1,770,0,,,2002-Q3,7.3206,A,F,
Q,IT,P,A,C,E,1,770,0,,,2002-Q4,8.1464,A,F,
Q,IT,P,A,C,E,1,770,0,,,2003-Q1,7.556,A,F,
Q,IT,P,A,C,E,1,770,0,,,2003-Q2,8.2287,A,F,
Q,IT,P,A,C,E,1,770,0,,,2003-Q3,7.3413,A,F,
Q,IT,P,A,C,E,1,770,0,,,2003-Q4,8.7699,A,F,
Q,IT,P,A,C,E,1,770,0,,,2004-Q1,7.7226,A,F,
Q,IT,P,A,C,E,1,770,0,,,2004-Q2,8.7931,A,F,
Q,IT,P,A,C,E,1,770,0,,,2004-Q3,8.1881,A,F,
Q,IT,P,A,C,E,1,770,0,,,2004-Q4,9.3907,A,F,
Q,IT,P,A,C,E,1,770,0,,,2005-Q1,9.3945,A,F,
Q,IT,P,A,C,E,1,770,0,,,2005-Q2,9.905,A,F,
Q,IT,P,A,C,E,1,770,0,,,2005-Q3,9.5007,A,F,
Q,IT,P,A,C,E,1,770,0,,,2005-Q4,10.7992,A,F,
Q,IT,P,A,C,E,1,770,0,,,2006-Q1,10.7727,A,F,
Q,IT,P,A,C,E,1,770,0,,,2006-Q2,11.4345,A,F,
Q,IT,P,A,C,E,1,770,0,,,2006-Q3,10.9969,A,F,
Q,IT,P,A,C,E,1,770,0,,,2006-Q4,12.258,A,F,
Q,IT,P,A,C,E,1,770,0,,,2007-Q1,11.85,A,F,
Q,IT,P,A,C,E,1,770,0,,,2007-Q2,13.11,A,F,
Q,IT,P,A,C,E,1,770,0,,,2007-Q3,12.6836,A,F,
Q,IT,P,A,C,E,1,770,0,,,2007-Q4,14.9561,A,F,
Q,IT,P,A,C,E,1,770,0,,,2008-Q1,16.9263,A,F,
Q,IT,P,A,C,E,1,770,0,,,2008-Q2,15.7847,A,F,
Q,IT,P,A,C,E,1,770,0,,,2008-Q3,14.3598,A,F,
Q,IT,P,A,C,E,1,770,0,,,2008-Q4,12.5298,A,F,
Q,IT,P,A,C,E,1,770,0,,,2009-Q1,14.3554,A,F,
Q,IT,P,A,C,E,1,770,0,,,2009-Q2,16.5287,A,F,
Q,IT,P,A,C,E,1,770,0,,,2009-Q3,15.2731,A,F,
Q,IT,P,A,C,E,1,770,0,,,2009-Q4,14.4691,A,F,
Q,IT,P,A,C,E,1,770,0,,,2010-Q1,13.1165,A,F,
Q,IT,P,A,C,E,1,770,0,,,2010-Q2,11.9731,A,F,
Q,IT,P,A,C,E,1,770,0,,,2010-Q3,10.6938,A,F,
Q,IT,P,A,C,E,1,770,0,,,2010-Q4,9.2512,A,F,
Q,IT,P,A,C,E,1,770,0,,,2011-Q1,7.7442,A,F,
Q,IT,P,A,C,E,1,770,0,,,2011-Q2,6.7095,A,F,
Q,IT,P,A,C,E,1,770,0,,,2011-Q3,4.9606,A,F,
Q,IT,P,A,C,E,1,770,0,,,2011-Q4,3.1563,A,F,
Q,IT,P,A,C,E,1,770,0,,,2012-Q1,2.736,A,F,
Q,IT,P,A,C,E,1,770,0,,,2012-Q2,2.2713,A,F,
Q,IT,P,A,C,E,1,770,0,,,2012-Q3,1.3262,A,F,
Q,IT,P,A,C,E,1,770,0,,,2012-Q4,1.2035,A,F,
Q,IT,P,A,C,E,1,770,0,,,2013-Q1,-0.2995,A,F,
Q,IT,P,A,C,E,1,770,0,,,2013-Q2,-1.4717,A,F,
Q,IT,P,A,C,E,1,770,0,,,2013-Q3,-2.6763,A,F,
Q,IT,P,A,C,E,1,770,0,,,2013-Q4,-4.1014,A,F,
Q,IT,P,A,C,E,1,770,0,,,2014-Q1,-5.0351,A,F,
Q,IT,P,A,C,E,1,770,0,,,2014-Q2,-5.6465,A,F,
Q,IT,P,A,C,E,1,770,0,,,2014-Q3,-6.4523,A,F,
Q,IT,P,A,C,E,1,770,0,,,2014-Q4,-8.1593,A,F,
Q,IT,P,A,C,E,1,770,0,,,2015-Q1,-8.5391,A,F,
Q,IT,P,A,C,E,1,770,0,,,2015-Q2,-9.6254,A,F,
Q,IT,P,A,C,E,1,770,0,,,2015-Q3,-10.7511,A,F,
Q,IT,P,A,C,E,1,770,0,,,2015-Q4,-13.0013,A,F,
Q,IT,P,A,C,E,1,770,0,,,2016-Q1,-14.1958,A,F,
Q,IT,P,A,C,E,1,770,0,,,2016-Q2,-13.9269,A,F,
Q,IT,P,A,C,E,1,770,0,,,2016-Q3,-14.7704,A,F,
Q,IT,P,A,C,E,1,770,0,,,2016-Q4,-16.5586,A,F,
Q,IT,P,A,C,E,1,770,0,,,2017-Q1,-16.5658,A,F,
Q,IT,P,A,C,E,1,770,0,,,2017-Q2,-17.2686,A,F,
Q,IT,P,A,C,E,1,770,0,,,2017-Q3,-18.4291,A,F,
Q,IT,P,A,C,E,1,770,0,,,2017-Q4,-17.8729,A,F,
Q,IT,P,A,C,E,1,770,0,,,2018-Q1,-18.361,A,F,
Q,IT,P,A,C,E,1,770,0,,,2018-Q2,-17.6693,A,F,
Q,IT,P,A,C,E,1,770,0,,,2018-Q3,-17.6919,A,F,
Q,IT,P,A,C,E,1,770,0,,,2018-Q4,-17.5548,A,F,
Q,IT,P,A,C,E,1,770,0,,,2019-Q1,-17.7719,A,F,
Q,IT,P,A,C,E,1,770,0,,,2019-Q2,-17.1731,A,F,
Q,IT,P,A,C,E,1,770,0,,,2019-Q3,-16.5113,A,F,
Q,IT,P,A,C,E,1,770,0,,,2019-Q4,-16.4016,A,F,
Q,IT,P,A,C,E,1,770,0,,,2020-Q1,-14.2882,A,F,
Q,IT,P,A,C,E,1,770,0,,,2020-Q2,-8.3194,A,F,
Q,IT,P,A,C,E,1,770,0,,,2020-Q3,-5.2721,A,F,
Q,IT,P,A,C,E,1,770,0,,,2020-Q4,-3.2954,A,F,
Q,IT,P,A,C,E,1,770,0,,,2021-Q1,-3.6142,A,F,
Q,IT,P,A,C,E,1,770,0,,,2021-Q2,-7.9227,A,F,
Q,IT,P,A,C,E,1,770,0,,,2021-Q3,-10.0826,A,F,
Q,IT,P,A,C,E,1,770,0,,,2021-Q4,-10.1749,A,F,
Q,IT,P,A,C,E,1,770,0,,,2022-Q1,-12.3711,A,F,
Q,IT,P,A,C,E,1,770,0,,,2022-Q2,-13.6883,A,F,
Q,IT,P,A,C,E,1,770,0,,,2022-Q3,-14.5289,A,F,
Q,IT,P,A,C,E,1,770,0,,,2022-Q4,-15.1597,A,F,
Q,IT,P,A,C,E,1,770,0,,,2023-Q1,-17.0583,A,F,
Q,IT,P,A,C,E,1,770,0,,,2023-Q2,-17.9788,A,F,
Q,IT,P,A,C,E,1,770,0,,,2023-Q3,-19.8023,A,F,
Q,IT,P,A,C,E,1,770,0,,,2023-Q4,-19.1935,A,F,
Q,IT,P,A,C,E,1,770,0,,,2024-Q1,-19.5634,A,F,
Q,IT,P,A,C,E,1,770,0,,,2024-Q2,-19.3357,A,F,
Q,IT,P,A,C,E,1,770,0,,,2024-Q3,-19.3849,A,F,
Q,IT,P,A,C,E,1,770,0,,,2024-Q4,-17.8727,A,F,
Q,IT,P,A,C,E,1,770,0,,,2025-Q1,-17.0632,A,F,
Q,IT,P,A,C,E,1,770,0,,,2025-Q2,-15.84,A,F,
Q,IT,P,A,C,E,1,770,0,,,2025-Q3,-15.5838,A,F,
Q,IT,P,A,C,E,1,770,0,,,2025-Q4,-14.451,A,F,
Q,IT,P,A,C,E,1,770,0,,,2026-Q1,-13.5622,A,F,
Q,ES,P,A,C,E,1,770,0,,,2000-Q1,21.3641,A,F,
Q,ES,P,A,C,E,1,770,0,,,2000-Q2,23.8714,A,F,
Q,ES,P,A,C,E,1,770,0,,,2000-Q3,26.4813,A,F,
Q,ES,P,A,C,E,1,770,0,,,2000-Q4,26.9361,A,F,
Q,ES,P,A,C,E,1,770,0,,,2001-Q1,25.9067,A,F,
Q,ES,P,A,C,E,1,770,0,,,2001-Q2,27.1992,A,F,
Q,ES,P,A,C,E,1,770,0,,,2001-Q3,28.6113,A,F,
Q,ES,P,A,C,E,1,770,0,,,2001-Q4,28.5797,A,F,
Q,ES,P,A,C,E,1,770,0,,,2002-Q1,28.6568,A,F,
Q,ES,P,A,C,E,1,770,0,,,2002-Q2,28.0023,A,F,
Q,ES,P,A,C,E,1,770,0,,,2002-Q3,26.3715,A,F,
Q,ES,P,A,C,E,1,770,0,,,2002-Q4,27.0386,A,F,
Q,ES,P,A,C,E,1,770,0,,,2003-Q1,26.1904,A,F,
Q,ES,P,A,C,E,1,770,0,,,2003-Q2,26.4734,A,F,
Q,ES,P,A,C,E,1,770,0,,,2003-Q3,26.0339,A,F,
Q,ES,P,A,C,E,1,770,0,,,2003-Q4,28.474,A,F,
Q,ES,P,A,C,E,1,770,0,,,2004-Q1,28.6093,A,F,
Q,ES,P,A,C,E,1,770,0,,,2004-Q2,30.8984,A,F,
Q,ES,P,A,C,E,1,770,0,,,2004-Q3,30.1779,A,F,
Q,ES,P,A,C,E,1,770,0,,,2004-Q4,31.9185,A,F,
Q,ES,P,A,C,E,1,770,0,,,2005-Q1,32.5765,A,F,
Q,ES,P,A,C,E,1,770,0,,,2005-Q2,35.4754,A,F,
Q,ES,P,A,C,E,1,770,0,,,2005-Q3,34.6771,A,F,
Q,ES,P,A,C,E,1,770,0,,,2005-Q4,37.1965,A,F,
Q,ES,P,A,C,E,1,770,0,,,2006-Q1,39.7471,A,F,
Q,ES,P,A,C,E,1,770,0,,,2006-Q2,41.3469,A,F,
Q,ES,P,A,C,E,1,770,0,,,2006-Q3,41.6325,A,F,
Q,ES,P,A,C,E,1,770,0,,,2006-Q4,44.3665,A,F,
Q,ES,P,A,C,E,1,770,0,,,2007-Q1,43.5754,A,F,
Q,ES,P,A,C,E,1,770,0,,,2007-Q2,47.2598,A,F,
Q,ES,P,A,C,E,1,770,0,,,2007-Q3,44.8985,A,F,
Q,ES,P,A,C,E,1,770,0,,,2007-Q4,42.7825,A,F,
Q,ES,P,A,C,E,1,770,0,,,2008-Q1,37.7965,A,F,
Q,ES,P,A,C,E,1,770,0,,,2008-Q2,37.0177,A,F,
Q,ES,P,A,C,E,1,770,0,,,2008-Q3,34.2965,A,F,
Q,ES,P,A,C,E,1,770,0,,,2008-Q4,32.2537,A,F,
Q,ES,P,A,C,E,1,770,0,,,2009-Q1,31.008,A,F,
Q,ES,P,A,C,E,1,770,0,,,2009-Q2,29.753,A,F,
Q,ES,P,A,C,E,1,770,0,,,2009-Q3,28.0378,A,F,
Q,ES,P,A,C,E,1,770,0,,,2009-Q4,25.9315,A,F,
Q,ES,P,A,C,E,1,770,0,,,2010-Q1,23.4007,A,F,
Q,ES,P,A,C,E,1,770,0,,,2010-Q2,22.811,A,F,
Q,ES,P,A,C,E,1,770,0,,,2010-Q3,17.9142,A,F,
Q,ES,P,A,C,E,1,770,0,,,2010-Q4,13.6872,A,F,
Q,ES,P,A,C,E,1,770,0,,,2011-Q1,8.5159,A,F,
Q,ES,P,A,C,E,1,770,0,,,2011-Q2,5.8512,A,F,
Q,ES,P,A,C,E,1,770,0,,,2011-Q3,2.0698,A,F,
Q,ES,P,A,C,E,1,770,0,,,2011-Q4,-1.003,A,F,
Q,ES,P,A,C,E,1,770,0,,,2012-Q1,-2.6958,A,F,
Q,ES,P,A,C,E,1,770,0,,,2012-Q2,-4.4936,A,F,
Q,ES,P,A,C,E,1,770,0,,,2012-Q3,-7.5755,A,F,
Q,ES,P,A,C,E,1,770,0,,,2012-Q4,-16.7924,A,F,
Q,ES,P,A,C,E,1,770,0,,,2013-Q1,-20.9455,A,F,
Q,ES,P,A,C,E,1,770,0,,,2013-Q2,-23.8845,A,F,
Q,ES,P,A,C,E,1,770,0,,,2013-Q3,-27.0088,A,F,
Q,ES,P,A,C,E,1,770,0,,,2013-Q4,-29.6723,A,F,
Q,ES,P,A,C,E,1,770,0,,,2014-Q1,-33.3424,A,F,
Q,ES,P,A,C,E,1,770,0,,,2014-Q2,-35.654,A,F,
Q,ES,P,A,C,E,1,770,0,,,2014-Q3,-38.407,A,F,
Q,ES,P,A,C,E,1,770,0,,,2014-Q4,-43.1656,A,F,
Q,ES,P,A,C,E,1,770,0,,,2015-Q1,-44.9524,A,F,
Q,ES,P,A,C,E,1,770,0,,,2015-Q2,-47.4578,A,F,
Q,ES,P,A,C,E,1,770,0,,,2015-Q3,-50.5533,A,F,
Q,ES,P,A,C,E,1,770,0,,,2015-Q4,-52.5276,A,F,
Q,ES,P,A,C,E,1,770,0,,,2016-Q1,-53.4728,A,F,
Q,ES,P,A,C,E,1,770,0,,,2016-Q2,-52.6937,A,F,
Q,ES,P,A,C,E,1,770,0,,,2016-Q3,-53.8559,A,F,
Q,ES,P,A,C,E,1,770,0,,,2016-Q4,-53.5925,A,F,
Q,ES,P,A,C,E,1,770,0,,,2017-Q1,-53.7498,A,F,
Q,ES,P,A,C,E,1,770,0,,,2017-Q2,-54.0679,A,F,
Q,ES,P,A,C,E,1,770,0,,,2017-Q3,-55.2744,A,F,
Q,ES,P,A,C,E,1,770,0,,,2017-Q4,-55.6474,A,F,
Q,ES,P,A,C,E,1,770,0,,,2018-Q1,-54.9203,A,F,
Q,ES,P,A,C,E,1,770,0,,,2018-Q2,-52.8107,A,F,
Q,ES,P,A,C,E,1,770,0,,,2018-Q3,-52.4028,A,F,
Q,ES,P,A,C,E,1,770,0,,,2018-Q4,-51.7078,A,F,
Q,ES,P,A,C,E,1,770,0,,,2019-Q1,-50.2722,A,F,
Q,ES,P,A,C,E,1,770,0,,,2019-Q2,-48.1157,A,F,
Q,ES,P,A,C,E,1,770,0,,,2019-Q3,-46.8702,A,F,
Q,ES,P,A,C,E,1,770,0,,,2019-Q4,-46.3156,A,F,
Q,ES,P,A,C,E,1,770,0,,,2020-Q1,-43.4007,A,F,
Q,ES,P,A,C,E,1,770,0,,,2020-Q2,-30.124,A,F,
Q,ES,P,A,C,E,1,770,0,,,2020-Q3,-26.273,A,F,
Q,ES,P,A,C,E,1,770,0,,,2020-Q4,-20.7469,A,F,
Q,ES,P,A,C,E,1,770,0,,,2021-Q1,-18.4254,A,F,
Q,ES,P,A,C,E,1,770,0,,,2021-Q2,-21.9654,A,F,
Q,ES,P,A,C,E,1,770,0,,,2021-Q3,-24.7275,A,F,
Q,ES,P,A,C,E,1,770,0,,,2021-Q4,-26.7886,A,F,
Q,ES,P,A,C,E,1,770,0,,,2022-Q1,-30.3439,A,F,
Q,ES,P,A,C,E,1,770,0,,,2022-Q2,-31.6503,A,F,
Q,ES,P,A,C,E,1,770,0,,,2022-Q3,-33.1827,A,F,
Q,ES,P,A,C,E,1,770,0,,,2022-Q4,-35.5162,A,F,
Q,ES,P,A,C,E,1,770,0,,,2023-Q1,-37.0869,A,F,
Q,ES,P,A,C,E,1,770,0,,,2023-Q2,-36.8134,A,F,
Q,ES,P,A,C,E,1,770,0,,,2023-Q3,-37.8587,A,F,
Q,ES,P,A,C,E,1,770,0,,,2023-Q4,-37.102,A,F,
Q,ES,P,A,C,E,1,770,0,,,2024-Q1,-35.1433,A,F,
Q,ES,P,A,C,E,1,770,0,,,2024-Q2,-33.0302,A,F,
Q,ES,P,A,C,E,1,770,0,,,2024-Q3,-32.0088,A,F,
Q,ES,P,A,C,E,1,770,0,,,2024-Q4,-31.7587,A,F,
Q,ES,P,A,C,E,1,770,0,,,2025-Q1,-30.1644,A,F,
Q,ES,P,A,C,E,1,770,0,,,2025-Q2,-27.4716,A,F,
Q,ES,P,A,C,E,1,770,0,,,2025-Q3,-27.4711,A,F,
Q,ES,P,A,C,E,1,770,0,,,2025-Q4,-26.6776,A,F,
Q,ES,P,A,C,E,1,770,0,,,2026-Q1,-24.2876,A,F,
Q,TR,P,A,C,E,1,770,0,,,2000-Q1,0.1297,A,F,
Q,TR,P,A,C,E,1,770,0,,,2000-Q2,0.2507,A,F,
Q,TR,P,A,C,E,1,770,0,,,2000-Q3,0.7968,A,F,
Q,TR,P,A,C,E,1,770,0,,,2000-Q4,0.1823,A,F,
Q,TR,P,A,C,E,1,770,0,,,2001-Q1,3.3038,A,F,
Q,TR,P,A,C,E,1,770,0,,,2001-Q2,2.6246,A,F,
Q,TR,P,A,C,E,1,770,0,,,2001-Q3,4.2348,A,F,
Q,TR,P,A,C,E,1,770,0,,,2001-Q4,0.3088,A,F,
Q,TR,P,A,C,E,1,770,0,,,2002-Q1,-3.1676,A,F,
Q,TR,P,A,C,E,1,770,0,,,2002-Q2,-4.025,A,F,
Q,TR,P,A,C,E,1,770,0,,,2002-Q3,-4.3396,A,F,
Q,TR,P,A,C,E,1,770,0,,,2002-Q4,-5.0102,A,F,
Q,TR,P,A,C,E,1,770,0,,,2003-Q1,-4.586,A,F,
Q,TR,P,A,C,E,1,770,0,,,2003-Q2,-7.3461,A,F,
Q,TR,P,A,C,E,1,770,0,,,2003-Q3,-6.9326,A,F,
Q,TR,P,A,C,E,1,770,0,,,2003-Q4,-5.9557,A,F,
Q,TR,P,A,C,E,1,770,0,,,2004-Q1,-5.0484,A,F,
Q,TR,P,A,C,E,1,770,0,,,2004-Q2,-2.2833,A,F,
Q,TR,P,A,C,E,1,770,0,,,2004-Q3,-2.5536,A,F,
Q,TR,P,A,C,E,1,770,0,,,2004-Q4,-3.5482,A,F,
Q,TR,P,A,C,E,1,770,0,,,2005-Q1,-3.1969,A,F,
Q,TR,P,A,C,E,1,770,0,,,2005-Q2,-2.1515,A,F,
Q,TR,P,A,C,E,1,770,0,,,2005-Q3,-1.5027,A,F,
Q,TR,P,A,C,E,1,770,0,,,2005-Q4,3.1786,A,F,
Q,TR,P,A,C,E,1,770,0,,,2006-Q1,4.8922,A,F,
Q,TR,P,A,C,E,1,770,0,,,2006-Q2,8.6937,A,F,
Q,TR,P,A,C,E,1,770,0,,,2006-Q3,7.7097,A,F,
Q,TR,P,A,C,E,1,770,0,,,2006-Q4,7.54,A,F,
Q,TR,P,A,C,E,1,770,0,,,2007-Q1,6.3378,A,F,
Q,TR,P,A,C,E,1,770,0,,,2007-Q2,7.3155,A,F,
Q,TR,P,A,C,E,1,770,0,,,2007-Q3,8.3076,A,F,
Q,TR,P,A,C,E,1,770,0,,,2007-Q4,9.5839,A,F,
Q,TR,P,A,C,E,1,770,0,,,2008-Q1,12.3434,A,F,
Q,TR,P,A,C,E,1,770,0,,,2008-Q2,12.3358,A,F,
Q,TR,P,A,C,E,1,770,0,,,2008-Q3,12.2394,A,F,
Q,TR,P,A,C,E,1,770,0,,,2008-Q4,12.2819,A,F,
Q,TR,P,A,C,E,1,770,0,,,2009-Q1,11.2413,A,F,
Q,TR,P,A,C,E,1,770,0,,,2009-Q2,9.9269,A,F,
Q,TR,P,A,C,E,1,770,0,,,2009-Q3,10.1729,A,F,
Q,TR,P,A,C,E,1,770,0,,,2009-Q4,10.1273,A,F,
Q,TR,P,A,C,E,1,770,0,,,2010-Q1,10.1755,A,F,
Q,TR,P,A,C,E,1,770,0,,,2010-Q2,11.8086,A,F,
Q,TR,P,A,C,E,1,770,0,,,2010-Q3,10.8967,A,F,
Q,TR,P,A,C,E,1,770,0,,,2010-Q4,12.6768,A,F,
Q,TR,P,A,C,E,1,770,0,,,2011-Q1,13.1671,A,F,
Q,TR,P,A,C,E,1,770,0,,,2011-Q2,15.2688,A,F,
Q,TR,P,A,C,E,1,770,0,,,2011-Q3,14.8074,A,F,
Q,TR,P,A,C,E,1,770,0,,,2011-Q4,12.74,A,F,
Q,TR,P,A,C,E,1,770,0,,,2012-Q1,10.9508,A,F,
Q,TR,P,A,C,E,1,770,0,,,2012-Q2,10.9783,A,F,
Q,TR,P,A,C,E,1,770,0,,,2012-Q3,9.6821,A,F,
Q,TR,P,A,C,E,1,770,0,,,2012-Q4,9.601,A,F,
Q,TR,P,A,C,E,1,770,0,,,2013-Q1,9.4041,A,F,
Q,TR,P,A,C,E,1,770,0,,,2013-Q2,12.4719,A,F,
Q,TR,P,A,C,E,1,770,0,,,2013-Q3,13.3259,A,F,
Q,TR,P,A,C,E,1,770,0,,,2013-Q4,13.1723,A,F,
Q,TR,P,A,C,E,1,770,0,,,2014-Q1,11.3223,A,F,
Q,TR,P,A,C,E,1,770,0,,,2014-Q2,10.7341,A,F,
Q,TR,P,A,C,E,1,770,0,,,2014-Q3,11.1934,A,F,
Q,TR,P,A,C,E,1,770,0,,,2014-Q4,10.9109,A,F,
Q,TR,P,A,C,E,1,770,0,,,2015-Q1,12.1011,A,F,
Q,TR,P,A,C,E,1,770,0,,,2015-Q2,12.9529,A,F,
Q,TR,P,A,C,E,1,770,0,,,2015-Q3,13.8826,A,F,
Q,TR,P,A,C,E,1,770,0,,,2015-Q4,10.0111,A,F,
Q,TR,P,A,C,E,1,770,0,,,2016-Q1,7.6725,A,F,
Q,TR,P,A,C,E,1,770,0,,,2016-Q2,7.1578,A,F,
Q,TR,P,A,C,E,1,770,0,,,2016-Q3,7.0541,A,F,
Q,TR,P,A,C,E,1,770,0,,,2016-Q4,9.8697,A,F,
Q,TR,P,A,C,E,1,770,0,,,2017-Q1,8.5521,A,F,
Q,TR,P,A,C,E,1,770,0,,,2017-Q2,7.0666,A,F,
Q,TR,P,A,C,E,1,770,0,,,2017-Q3,4.4053,A,F,
Q,TR,P,A,C,E,1,770,0,,,2017-Q4,3.9854,A,F,
Q,TR,P,A,C,E,1,770,0,,,2018-Q1,2.9277,A,F,
Q,TR,P,A,C,E,1,770,0,,,2018-Q2,4.0477,A,F,
Q,TR,P,A,C,E,1,770,0,,,2018-Q3,9.2959,A,F,
Q,TR,P,A,C,E,1,770,0,,,2018-Q4,-2.5719,A,F,
Q,TR,P,A,C,E,1,770,0,,,2019-Q1,-2.6161,A,F,
Q,TR,P,A,C,E,1,770,0,,,2019-Q2,-5.0023,A,F,
Q,TR,P,A,C,E,1,770,0,,,2019-Q3,-8.2587,A,F,
Q,TR,P,A,C,E,1,770,0,,,2019-Q4,-8.3378,A,F,
Q,TR,P,A,C,E,1,770,0,,,2020-Q1,-6.4341,A,F,
Q,TR,P,A,C,E,1,770,0,,,2020-Q2,0.6994,A,F,
Q,TR,P,A,C,E,1,770,0,,,2020-Q3,2.7813,A,F,
Q,TR,P,A,C,E,1,770,0,,,2020-Q4,-3.0969,A,F,
Q,TR,P,A,C,E,1,770,0,,,2021-Q1,-4.2193,A,F,
Q,TR,P,A,C,E,1,770,0,,,2021-Q2,-9.5724,A,F,
Q,TR,P,A,C,E,1,770,0,,,2021-Q3,-13.6621,A,F,
Q,TR,P,A,C,E,1,770,0,,,2021-Q4,-5.807,A,F,
Q,TR,P,A,C,E,1,770,0,,,2022-Q1,-9.5587,A,F,
Q,TR,P,A,C,E,1,770,0,,,2022-Q2,-15.6145,A,F,
Q,TR,P,A,C,E,1,770,0,,,2022-Q3,-22.3229,A,F,
Q,TR,P,A,C,E,1,770,0,,,2022-Q4,-26.4143,A,F,
Q,TR,P,A,C,E,1,770,0,,,2023-Q1,-28.344,A,F,
Q,TR,P,A,C,E,1,770,0,,,2023-Q2,-24.192,A,F,
Q,TR,P,A,C,E,1,770,0,,,2023-Q3,-28.1803,A,F,
Q,TR,P,A,C,E,1,770,0,,,2023-Q4,-29.8688,A,F,
Q,TR,P,A,C,E,1,770,0,,,2024-Q1,-31.8001,A,F,
Q,TR,P,A,C,E,1,770,0,,,2024-Q2,-34.0704,A,F,
Q,TR,P,A,C,E,1,770,0,,,2024-Q3,-33.6604,A,F,
Q,TR,P,A,C,E,1,770,0,,,2024-Q4,-33.8034,A,F,
Q,TR,P,A,C,E,1,770,0,,,2025-Q1,-31.11,A,F,
Q,TR,P,A,C,E,1,770,0,,,2025-Q2,-28.8665,A,F,
Q,TR,P,A,C,E,1,770,0,,,2025-Q3,-27.548,A,F,
Q,TR,P,A,C,E,1,770,0,,,2025-Q4,-25.9034,A,F,
Q,TR,P,A,C,E,1,770,0,,,2026-Q1,-24.6759,A,F,
Q,FR,P,A,C,E,1,770,0,,,2000-Q1,-2.7746,A,F,
Q,FR,P,A,C,E,1,770,0,,,2000-Q2,-1.6203,A,F,
Q,FR,P,A,C,E,1,770,0,,,2000-Q3,-0.009,A,F,
Q,FR,P,A,C,E,1,770,0,,,2000-Q4,0.3434,A,F,
Q,FR,P,A,C,E,1,770,0,,,2001-Q1,1.425,A,F,
Q,FR,P,A,C,E,1,770,0,,,2001-Q2,2.8716,A,F,
Q,FR,P,A,C,E,1,770,0,,,2001-Q3,3.1051,A,F,
Q,FR,P,A,C,E,1,770,0,,,2001-Q4,3.4509,A,F,
Q,FR,P,A,C,E,1,770,0,,,2002-Q1,3.3869,A,F,
Q,FR,P,A,C,E,1,770,0,,,2002-Q2,2.6132,A,F,
Q,FR,P,A,C,E,1,770,0,,,2002-Q3,1.651,A,F,
Q,FR,P,A,C,E,1,770,0,,,2002-Q4,1.4625,A,F,
Q,FR,P,A,C,E,1,770,0,,,2003-Q1,1.7316,A,F,
Q,FR,P,A,C,E,1,770,0,,,2003-Q2,1.5359,A,F,
Q,FR,P,A,C,E,1,770,0,,,2003-Q3,0.5186,A,F,
Q,FR,P,A,C,E,1,770,0,,,2003-Q4,-1.1735,A,F,
Q,FR,P,A,C,E,1,770,0,,,2004-Q1,-1.2424,A,F,
Q,FR,P,A,C,E,1,770,0,,,2004-Q2,-0.1076,A,F,
Q,FR,P,A,C,E,1,770,0,,,2004-Q3,0.1746,A,F,
Q,FR,P,A,C,E,1,770,0,,,2004-Q4,0.0298,A,F,
Q,FR,P,A,C,E,1,770,0,,,2005-Q1,-0.3737,A,F,
Q,FR,P,A,C,E,1,770,0,,,2005-Q2,1.2837,A,F,
Q,FR,P,A,C,E,1,770,0,,,2005-Q3,0.9447,A,F,
Q,FR,P,A,C,E,1,770,0,,,2005-Q4,1.7327,A,F,
Q,FR,P,A,C,E,1,770,0,,,2006-Q1,1.8925,A,F,
Q,FR,P,A,C,E,1,770,0,,,2006-Q2,2.9009,A,F,
Q,FR,P,A,C,E,1,770,0,,,2006-Q3,2.8331,A,F,
Q,FR,P,A,C,E,1,770,0,,,2006-Q4,3.3653,A,F,
Q,FR,P,A,C,E,1,770,0,,,2007-Q1,3.3847,A,F,
Q,FR,P,A,C,E,1,770,0,,,2007-Q2,4.9517,A,F,
Q,FR,P,A,C,E,1,770,0,,,2007-Q3,5.1539,A,F,
Q,FR,P,A,C,E,1,770,0,,,2007-Q4,4.4394,A,F,
Q,FR,P,A,C,E,1,770,0,,,2008-Q1,4.3987,A,F,
Q,FR,P,A,C,E,1,770,0,,,2008-Q2,6.3806,A,F,
Q,FR,P,A,C,E,1,770,0,,,2008-Q3,7.7748,A,F,
Q,FR,P,A,C,E,1,770,0,,,2008-Q4,7.9333,A,F,
Q,FR,P,A,C,E,1,770,0,,,2009-Q1,9.3704,A,F,
Q,FR,P,A,C,E,1,770,0,,,2009-Q2,10.2945,A,F,
Q,FR,P,A,C,E,1,770,0,,,2009-Q3,10.6448,A,F,
Q,FR,P,A,C,E,1,770,0,,,2009-Q4,10.4793,A,F,
Q,FR,P,A,C,E,1,770,0,,,2010-Q1,8.916,A,F,
Q,FR,P,A,C,E,1,770,0,,,2010-Q2,7.2739,A,F,
Q,FR,P,A,C,E,1,770,0,,,2010-Q3,5.9566,A,F,
Q,FR,P,A,C,E,1,770,0,,,2010-Q4,6.5457,A,F,
Q,FR,P,A,C,E,1,770,0,,,2011-Q1,5.9738,A,F,
Q,FR,P,A,C,E,1,770,0,,,2011-Q2,7.558,A,F,
Q,FR,P,A,C,E,1,770,0,,,2011-Q3,8.71,A,F,
Q,FR,P,A,C,E,1,770,0,,,2011-Q4,8.6574,A,F,
Q,FR,P,A,C,E,1,770,0,,,2012-Q1,9.4536,A,F,
Q,FR,P,A,C,E,1,770,0,,,2012-Q2,10.219,A,F,
Q,FR,P,A,C,E,1,770,0,,,2012-Q3,8.9289,A,F,
Q,FR,P,A,C,E,1,770,0,,,2012-Q4,8.1539,A,F,
Q,FR,P,A,C,E,1,770,0,,,2013-Q1,6.7383,A,F,
Q,FR,P,A,C,E,1,770,0,,,2013-Q2,3.9366,A,F,
Q,FR,P,A,C,E,1,770,0,,,2013-Q3,3.2778,A,F,
Q,FR,P,A,C,E,1,770,0,,,2013-Q4,1.7696,A,F,
Q,FR,P,A,C,E,1,770,0,,,2014-Q1,2.6907,A,F,
Q,FR,P,A,C,E,1,770,0,,,2014-Q2,3.9921,A,F,
Q,FR,P,A,C,E,1,770,0,,,2014-Q3,4.2208,A,F,
Q,FR,P,A,C,E,1,770,0,,,2014-Q4,4.2191,A,F,
Q,FR,P,A,C,E,1,770,0,,,2015-Q1,5.5825,A,F,
Q,FR,P,A,C,E,1,770,0,,,2015-Q2,4.8345,A,F,
Q,FR,P,A,C,E,1,770,0,,,2015-Q3,4.4175,A,F,
Q,FR,P,A,C,E,1,770,0,,,2015-Q4,5.1007,A,F,
Q,FR,P,A,C,E,1,770,0,,,2016-Q1,3.0058,A,F,
Q,FR,P,A,C,E,1,770,0,,,2016-Q2,4.2973,A,F,
Q,FR,P,A,C,E,1,770,0,,,2016-Q3,4.4246,A,F,
Q,FR,P,A,C,E,1,770,0,,,2016-Q4,4.9997,A,F,
Q,FR,P,A,C,E,1,770,0,,,2017-Q1,5.8744,A,F,
Q,FR,P,A,C,E,1,770,0,,,2017-Q2,5.0039,A,F,
Q,FR,P,A,C,E,1,770,0,,,2017-Q3,3.6804,A,F,
Q,FR,P,A,C,E,1,770,0,,,2017-Q4,2.9256,A,F,
Q,FR,P,A,C,E,1,770,0,,,2018-Q1,3.0679,A,F,
Q,FR,P,A,C,E,1,770,0,,,2018-Q2,3.9296,A,F,
Q,FR,P,A,C,E,1,770,0,,,2018-Q3,3.7056,A,F,
Q,FR,P,A,C,E,1,770,0,,,2018-Q4,3.2123,A,F,
Q,FR,P,A,C,E,1,770,0,,,2019-Q1,3.6748,A,F,
Q,FR,P,A,C,E,1,770,0,,,2019-Q2,4.3169,A,F,
Q,FR,P,A,C,E,1,770,0,,,2019-Q3,5.1652,A,F,
Q,FR,P,A,C,E,1,770,0,,,2019-Q4,4.2094,A,F,
Q,FR,P,A,C,E,1,770,0,,,2020-Q1,6.9069,A,F,
Q,FR,P,A,C,E,1,770,0,,,2020-Q2,19.7776,A,F,
Q,FR,P,A,C,E,1,770,0,,,2020-Q3,22.1173,A,F,
Q,FR,P,A,C,E,1,770,0,,,2020-Q4,23.778,A,F,
Q,FR,P,A,C,E,1,770,0,,,2021-Q1,19.88,A,F,
Q,FR,P,A,C,E,1,770,0,,,2021-Q2,11.3581,A,F,
Q,FR,P,A,C,E,1,770,0,,,2021-Q3,7.5651,A,F,
Q,FR,P,A,C,E,1,770,0,,,2021-Q4,4.8612,A,F,
Q,FR,P,A,C,E,1,770,0,,,2022-Q1,1.9702,A,F,
Q,FR,P,A,C,E,1,770,0,,,2022-Q2,-0.0807,A,F,
Q,FR,P,A,C,E,1,770,0,,,2022-Q3,-0.4934,A,F,
Q,FR,P,A,C,E,1,770,0,,,2022-Q4,-2.5695,A,F,
Q,FR,P,A,C,E,1,770,0,,,2023-Q1,-4.9571,A,F,
Q,FR,P,A,C,E,1,770,0,,,2023-Q2,-8.4785,A,F,
Q,FR,P,A,C,E,1,770,0,,,2023-Q3,-11.4131,A,F,
Q,FR,P,A,C,E,1,770,0,,,2023-Q4,-13.5083,A,F,
Q,FR,P,A,C,E,1,770,0,,,2024-Q1,-16.2281,A,F,
Q,FR,P,A,C,E,1,770,0,,,2024-Q2,-16.4282,A,F,
Q,FR,P,A,C,E,1,770,0,,,2024-Q3,-17.3149,A,F,
Q,FR,P,A,C,E,1,770,0,,,2024-Q4,-17.0204,A,F,
Q,FR,P,A,C,E,1,770,0,,,2025-Q1,-16.2119,A,F,
Q,FR,P,A,C,E,1,770,0,,,2025-Q2,-16.0413,A,F,
Q,FR,P,A,C,E,1,770,0,,,2025-Q3,-15.9505,A,F,
Q,FR,P,A,C,E,1,770,0,,,2025-Q4,-15.4671,A,F,
Q,FR,P,A,C,E,1,770,0,,,2026-Q1,-15.741,A,F,
Q,DE,P,A,C,E,1,770,0,,,2000-Q1,10.0553,A,F,
Q,DE,P,A,C,E,1,770,0,,,2000-Q2,11.6474,A,F,
Q,DE,P,A,C,E,1,770,0,,,2000-Q3,11.0348,A,F,
Q,DE,P,A,C,E,1,770,0,,,2000-Q4,15.569,A,F,
Q,DE,P,A,C,E,1,770,0,,,2001-Q1,14.7499,A,F,
Q,DE,P,A,C,E,1,770,0,,,2001-Q2,13.9265,A,F,
Q,DE,P,A,C,E,1,770,0,,,2001-Q3,13.4316,A,F,
Q,DE,P,A,C,E,1,770,0,,,2001-Q4,11.8734,A,F,
Q,DE,P,A,C,E,1,770,0,,,2002-Q1,9.9134,A,F,
Q,DE,P,A,C,E,1,770,0,,,2002-Q2,10.6864,A,F,
Q,DE,P,A,C,E,1,770,0,,,2002-Q3,9.8595,A,F,
Q,DE,P,A,C,E,1,770,0,,,2002-Q4,9.6044,A,F,
Q,DE,P,A,C,E,1,770,0,,,2003-Q1,9.0324,A,F,
Q,DE,P,A,C,E,1,770,0,,,2003-Q2,9.0489,A,F,
Q,DE,P,A,C,E,1,770,0,,,2003-Q3,8.0031,A,F,
Q,DE,P,A,C,E,1,770,0,,,2003-Q4,6.2512,A,F,
Q,DE,P,A,C,E,1,770,0,,,2004-Q1,2.2853,A,F,
Q,DE,P,A,C,E,1,770,0,,,2004-Q2,-0.0154,A,F,
Q,DE,P,A,C,E,1,770,0,,,2004-Q3,-2.0014,A,F,
Q,DE,P,A,C,E,1,770,0,,,2004-Q4,-3.8391,A,F,
Q,DE,P,A,C,E,1,770,0,,,2005-Q1,-5.1832,A,F,
Q,DE,P,A,C,E,1,770,0,,,2005-Q2,-4.3641,A,F,
Q,DE,P,A,C,E,1,770,0,,,2005-Q3,-4.1975,A,F,
Q,DE,P,A,C,E,1,770,0,,,2005-Q4,-4.409,A,F,
Q,DE,P,A,C,E,1,770,0,,,2006-Q1,-3.721,A,F,
Q,DE,P,A,C,E,1,770,0,,,2006-Q2,-3.4171,A,F,
Q,DE,P,A,C,E,1,770,0,,,2006-Q3,-3.9162,A,F,
Q,DE,P,A,C,E,1,770,0,,,2006-Q4,-5.5404,A,F,
Q,DE,P,A,C,E,1,770,0,,,2007-Q1,-7.9865,A,F,
Q,DE,P,A,C,E,1,770,0,,,2007-Q2,-8.6713,A,F,
Q,DE,P,A,C,E,1,770,0,,,2007-Q3,-9.9963,A,F,
Q,DE,P,A,C,E,1,770,0,,,2007-Q4,-9.7378,A,F,
Q,DE,P,A,C,E,1,770,0,,,2008-Q1,-10.5178,A,F,
Q,DE,P,A,C,E,1,770,0,,,2008-Q2,-10.3548,A,F,
Q,DE,P,A,C,E,1,770,0,,,2008-Q3,-9.8543,A,F,
Q,DE,P,A,C,E,1,770,0,,,2008-Q4,-8.0555,A,F,
Q,DE,P,A,C,E,1,770,0,,,2009-Q1,-6.6696,A,F,
Q,DE,P,A,C,E,1,770,0,,,2009-Q2,-5.4006,A,F,
Q,DE,P,A,C,E,1,770,0,,,2009-Q3,-5.4732,A,F,
Q,DE,P,A,C,E,1,770,0,,,2009-Q4,-5.2557,A,F,
Q,DE,P,A,C,E,1,770,0,,,2010-Q1,-6.9064,A,F,
Q,DE,P,A,C,E,1,770,0,,,2010-Q2,-7.1494,A,F,
Q,DE,P,A,C,E,1,770,0,,,2010-Q3,-8.0821,A,F,
Q,DE,P,A,C,E,1,770,0,,,2010-Q4,-9.8606,A,F,
Q,DE,P,A,C,E,1,770,0,,,2011-Q1,-13.2159,A,F,
Q,DE,P,A,C,E,1,770,0,,,2011-Q2,-13.715,A,F,
Q,DE,P,A,C,E,1,770,0,,,2011-Q3,-12.5196,A,F,
Q,DE,P,A,C,E,1,770,0,,,2011-Q4,-12.0127,A,F,
Q,DE,P,A,C,E,1,770,0,,,2012-Q1,-12.1508,A,F,
Q,DE,P,A,C,E,1,770,0,,,2012-Q2,-11.5543,A,F,
Q,DE,P,A,C,E,1,770,0,,,2012-Q3,-11.5642,A,F,
Q,DE,P,A,C,E,1,770,0,,,2012-Q4,-11.4297,A,F,
Q,DE,P,A,C,E,1,770,0,,,2013-Q1,-9.9882,A,F,
Q,DE,P,A,C,E,1,770,0,,,2013-Q2,-9.1513,A,F,
Q,DE,P,A,C,E,1,770,0,,,2013-Q3,-8.6296,A,F,
Q,DE,P,A,C,E,1,770,0,,,2013-Q4,-8.452,A,F,
Q,DE,P,A,C,E,1,770,0,,,2014-Q1,-8.9557,A,F,
Q,DE,P,A,C,E,1,770,0,,,2014-Q2,-8.5797,A,F,
Q,DE,P,A,C,E,1,770,0,,,2014-Q3,-9.5331,A,F,
Q,DE,P,A,C,E,1,770,0,,,2014-Q4,-12.8802,A,F,
Q,DE,P,A,C,E,1,770,0,,,2015-Q1,-11.7886,A,F,
Q,DE,P,A,C,E,1,770,0,,,2015-Q2,-11.2629,A,F,
Q,DE,P,A,C,E,1,770,0,,,2015-Q3,-10.7222,A,F,
Q,DE,P,A,C,E,1,770,0,,,2015-Q4,-10.3996,A,F,
Q,DE,P,A,C,E,1,770,0,,,2016-Q1,-9.2743,A,F,
Q,DE,P,A,C,E,1,770,0,,,2016-Q2,-8.4132,A,F,
Q,DE,P,A,C,E,1,770,0,,,2016-Q3,-7.1808,A,F,
Q,DE,P,A,C,E,1,770,0,,,2016-Q4,-6.6329,A,F,
Q,DE,P,A,C,E,1,770,0,,,2017-Q1,-5.938,A,F,
Q,DE,P,A,C,E,1,770,0,,,2017-Q2,-6.1068,A,F,
Q,DE,P,A,C,E,1,770,0,,,2017-Q3,-6.1864,A,F,
Q,DE,P,A,C,E,1,770,0,,,2017-Q4,-5.8975,A,F,
Q,DE,P,A,C,E,1,770,0,,,2018-Q1,-6.1596,A,F,
Q,DE,P,A,C,E,1,770,0,,,2018-Q2,-4.6606,A,F,
Q,DE,P,A,C,E,1,770,0,,,2018-Q3,-3.5863,A,F,
Q,DE,P,A,C,E,1,770,0,,,2018-Q4,-3.7532,A,F,
Q,DE,P,A,C,E,1,770,0,,,2019-Q1,-2.5061,A,F,
Q,DE,P,A,C,E,1,770,0,,,2019-Q2,-1.1532,A,F,
Q,DE,P,A,C,E,1,770,0,,,2019-Q3,-0.8249,A,F,
Q,DE,P,A,C,E,1,770,0,,,2019-Q4,-0.3569,A,F,
Q,DE,P,A,C,E,1,770,0,,,2020-Q1,0.83,A,F,
Q,DE,P,A,C,E,1,770,0,,,2020-Q2,6.0138,A,F,
Q,DE,P,A,C,E,1,770,0,,,2020-Q3,8.1246,A,F,
Q,DE,P,A,C,E,1,770,0,,,2020-Q4,9.3977,A,F,
Q,DE,P,A,C,E,1,770,0,,,2021-Q1,11.0661,A,F,
Q,DE,P,A,C,E,1,770,0,,,2021-Q2,8.0335,A,F,
Q,DE,P,A,C,E,1,770,0,,,2021-Q3,6.9639,A,F,
Q,DE,P,A,C,E,1,770,0,,,2021-Q4,6.4439,A,F,
Q,DE,P,A,C,E,1,770,0,,,2022-Q1,5.4978,A,F,
Q,DE,P,A,C,E,1,770,0,,,2022-Q2,4.9012,A,F,
Q,DE,P,A,C,E,1,770,0,,,2022-Q3,5.9409,A,F,
Q,DE,P,A,C,E,1,770,0,,,2022-Q4,4.3589,A,F,
Q,DE,P,A,C,E,1,770,0,,,2023-Q1,2.0688,A,F,
Q,DE,P,A,C,E,1,770,0,,,2023-Q2,0.4432,A,F,
Q,DE,P,A,C,E,1,770,0,,,2023-Q3,-1.3984,A,F,
Q,DE,P,A,C,E,1,770,0,,,2023-Q4,-2.7029,A,F,
Q,DE,P,A,C,E,1,770,0,,,2024-Q1,-3.405,A,F,
Q,DE,P,A,C,E,1,770,0,,,2024-Q2,-3.7079,A,F,
Q,DE,P,A,C,E,1,770,0,,,2024-Q3,-3.6567,A,F,
Q,DE,P,A,C,E,1,770,0,,,2024-Q4,-4.3557,A,F,
Q,DE,P,A,C,E,1,770,0,,,2025-Q1,-3.5614,A,F,
Q,DE,P,A,C,E,1,770,0,,,2025-Q2,-3.5086,A,F,
Q,DE,P,A,C,E,1,770,0,,,2025-Q3,-3.7205,A,F,
Q,DE,P,A,C,E,1,770,0,,,2025-Q4,-4.3481,A,F,
Q,DE,P,A,C,E,1,770,0,,,2026-Q1,-4.1759,A,F,
